sales_transaction_date,count,sum,lag,volume
2017-02-15,6,6,,
2017-02-16,2,8,,
2017-02-17,1,9,,
2017-02-18,4,13,,
2017-02-19,5,18,,
2017-02-20,6,24,,
2017-02-21,5,29,,
2017-02-22,4,33,6,4.5000000000000000
2017-02-23,6,39,8,3.8750000000000000
2017-02-24,2,41,9,3.5555555555555556
2017-02-25,2,43,13,2.3076923076923077
2017-02-26,2,45,18,1.5000000000000000
2017-02-27,4,49,24,1.0416666666666667
2017-02-28,4,53,29,0.82758620689655172414
2017-03-01,5,58,33,0.75757575757575757576
2017-03-02,1,59,39,0.51282051282051282051
2017-03-03,3,62,41,0.51219512195121951220
2017-03-04,8,70,43,0.62790697674418604651
2017-03-05,4,74,45,0.64444444444444444444
2017-03-06,7,81,49,0.65306122448979591837
2017-03-07,7,88,53,0.66037735849056603774
2017-03-08,8,96,58,0.65517241379310344828
2017-03-09,3,99,59,0.67796610169491525424
2017-03-10,7,106,62,0.70967741935483870968
2017-03-11,4,110,70,0.57142857142857142857
2017-03-12,9,119,74,0.60810810810810810811
2017-03-13,3,122,81,0.50617283950617283951
2017-03-14,6,128,88,0.45454545454545454545
2017-03-15,3,131,96,0.36458333333333333333
2017-03-16,2,133,99,0.34343434343434343434
2017-03-17,5,138,106,0.30188679245283018868
2017-03-18,7,145,110,0.31818181818181818182
2017-03-19,2,147,119,0.23529411764705882353
2017-03-20,5,152,122,0.24590163934426229508
2017-03-21,7,159,128,0.24218750000000000000
2017-03-22,6,165,131,0.25954198473282442748
2017-03-23,3,168,133,0.26315789473684210526
2017-03-24,9,177,138,0.28260869565217391304
2017-03-25,5,182,145,0.25517241379310344828
2017-03-26,6,188,147,0.27891156462585034014
2017-03-27,3,191,152,0.25657894736842105263
2017-03-28,7,198,159,0.24528301886792452830
2017-03-29,1,199,165,0.20606060606060606061
2017-03-30,6,205,168,0.22023809523809523810
2017-03-31,3,208,177,0.17514124293785310734
2017-04-01,6,214,182,0.17582417582417582418
2017-04-02,3,217,188,0.15425531914893617021
2017-04-03,4,221,191,0.15706806282722513089
2017-04-04,8,229,198,0.15656565656565656566
2017-04-05,6,235,199,0.18090452261306532663
2017-04-06,6,241,205,0.17560975609756097561
2017-04-07,4,245,208,0.17788461538461538462
2017-04-08,4,249,214,0.16355140186915887850
2017-04-09,5,254,217,0.17050691244239631336
2017-04-10,10,264,221,0.19457013574660633484
2017-04-11,3,267,229,0.16593886462882096070
2017-04-12,4,271,235,0.15319148936170212766
2017-04-13,7,278,241,0.15352697095435684647
2017-04-14,11,289,245,0.17959183673469387755
2017-04-15,5,294,249,0.18072289156626506024
2017-04-16,8,302,254,0.18897637795275590551
2017-04-17,4,306,264,0.15909090909090909091
2017-04-18,6,312,267,0.16853932584269662921
2017-04-19,6,318,271,0.17343173431734317343
2017-04-20,6,324,278,0.16546762589928057554
2017-04-21,7,331,289,0.14532871972318339100
2017-04-22,12,343,294,0.16666666666666666667
2017-04-23,4,347,302,0.14900662251655629139
2017-04-24,6,353,306,0.15359477124183006536
2017-04-25,3,356,312,0.14102564102564102564
2017-04-26,2,358,318,0.12578616352201257862
2017-04-27,4,362,324,0.11728395061728395062
2017-04-28,4,366,331,0.10574018126888217523
2017-04-29,5,371,343,0.08163265306122448980
2017-04-30,5,376,347,0.08357348703170028818
2017-05-01,4,380,353,0.07648725212464589235
2017-05-02,5,385,356,0.08146067415730337079
2017-05-03,7,392,358,0.09497206703910614525
2017-05-04,9,401,362,0.10773480662983425414
2017-05-05,3,404,366,0.10382513661202185792
2017-05-06,10,414,371,0.11590296495956873315
2017-05-07,4,418,376,0.11170212765957446809
2017-05-08,10,428,380,0.12631578947368421053
2017-05-09,10,438,385,0.13766233766233766234
2017-05-10,3,441,392,0.12500000000000000000
2017-05-11,10,451,401,0.12468827930174563591
2017-05-12,7,458,404,0.13366336633663366337
2017-05-13,10,468,414,0.13043478260869565217
2017-05-14,5,473,418,0.13157894736842105263
2017-05-15,2,475,428,0.10981308411214953271
2017-05-16,7,482,438,0.10045662100456621005
2017-05-17,5,487,441,0.10430839002267573696
2017-05-18,3,490,451,0.08647450110864745011
2017-05-19,9,499,458,0.08951965065502183406
2017-05-20,7,506,468,0.08119658119658119658
2017-05-21,4,510,473,0.07822410147991543340
2017-05-22,6,516,475,0.08631578947368421053
2017-05-23,6,522,482,0.08298755186721991701
2017-05-24,14,536,487,0.10061601642710472279
2017-05-25,14,550,490,0.12244897959183673469
2017-05-26,4,554,499,0.11022044088176352705
2017-05-27,5,559,506,0.10474308300395256917
2017-05-28,6,565,510,0.10784313725490196078
2017-05-29,4,569,516,0.10271317829457364341
2017-05-30,9,578,522,0.10727969348659003831
2017-05-31,4,582,536,0.08582089552238805970
2017-06-01,16,598,550,0.08727272727272727273
2017-06-02,5,603,554,0.08844765342960288809
2017-06-03,1,604,559,0.08050089445438282648
2017-06-04,6,610,565,0.07964601769911504425
2017-06-05,8,618,569,0.08611599297012302285
2017-06-06,8,626,578,0.08304498269896193772
2017-06-07,7,633,582,0.08762886597938144330
2017-06-08,11,644,598,0.07692307692307692308
2017-06-09,4,648,603,0.07462686567164179104
2017-06-10,10,658,604,0.08940397350993377483
2017-06-11,5,663,610,0.08688524590163934426
2017-06-12,9,672,618,0.08737864077669902913
2017-06-13,6,678,626,0.08306709265175718850
2017-06-14,11,689,633,0.08846761453396524487
2017-06-15,9,698,644,0.08385093167701863354
2017-06-16,7,705,648,0.08796296296296296296
2017-06-17,7,712,658,0.08206686930091185410
2017-06-18,7,719,663,0.08446455505279034691
2017-06-19,3,722,672,0.07440476190476190476
2017-06-20,12,734,678,0.08259587020648967552
2017-06-21,11,745,689,0.08127721335268505080
2017-06-22,8,753,698,0.07879656160458452722
2017-06-23,14,767,705,0.08794326241134751773
2017-06-24,8,775,712,0.08848314606741573034
2017-06-25,9,784,719,0.09040333796940194715
2017-06-26,9,793,722,0.09833795013850415512
2017-06-27,10,803,734,0.09400544959128065395
2017-06-28,9,812,745,0.08993288590604026846
2017-06-29,14,826,753,0.09694555112881806109
2017-06-30,12,838,767,0.09256844850065189048
2017-07-01,6,844,775,0.08903225806451612903
2017-07-02,7,851,784,0.08545918367346938776
2017-07-03,9,860,793,0.08448928121059268600
2017-07-04,9,869,803,0.08219178082191780822
2017-07-05,11,880,812,0.08374384236453201970
2017-07-06,10,890,826,0.07748184019370460048
2017-07-07,3,893,838,0.06563245823389021480
2017-07-08,14,907,844,0.07464454976303317536
2017-07-09,12,919,851,0.07990599294947121034
2017-07-10,9,928,860,0.07906976744186046512
2017-07-11,10,938,869,0.07940161104718066743
2017-07-12,8,946,880,0.07500000000000000000
2017-07-13,8,954,890,0.07191011235955056180
2017-07-14,3,957,893,0.07166853303471444569
2017-07-15,6,963,907,0.06174200661521499449
2017-07-16,14,977,919,0.06311207834602829162
2017-07-17,8,985,928,0.06142241379310344828
2017-07-18,6,991,938,0.05650319829424307036
2017-07-19,11,1002,946,0.05919661733615221987
2017-07-20,12,1014,954,0.06289308176100628931
2017-07-21,12,1026,957,0.07210031347962382445
2017-07-22,11,1037,963,0.07684319833852544133
2017-07-23,2,1039,977,0.06345957011258955988
2017-07-24,8,1047,985,0.06294416243654822335
2017-07-25,8,1055,991,0.06458123107971745711
2017-07-26,8,1063,1002,0.06087824351297405190
2017-07-27,8,1071,1014,0.05621301775147928994
2017-07-28,7,1078,1026,0.05068226120857699805
2017-07-29,8,1086,1037,0.04725168756027000964
2017-07-30,9,1095,1039,0.05389797882579403272
2017-07-31,14,1109,1047,0.05921680993314231137
2017-08-01,10,1119,1055,0.06066350710900473934
2017-08-02,6,1125,1063,0.05832549388523047977
2017-08-03,9,1134,1071,0.05882352941176470588
2017-08-04,7,1141,1078,0.05844155844155844156
2017-08-05,8,1149,1086,0.05801104972375690608
2017-08-06,7,1156,1095,0.05570776255707762557
2017-08-07,8,1164,1109,0.04959422903516681695
2017-08-08,8,1172,1119,0.04736371760500446828
2017-08-09,5,1177,1125,0.04622222222222222222
2017-08-10,9,1186,1134,0.04585537918871252205
2017-08-11,12,1198,1141,0.04995617879053461876
2017-08-12,7,1205,1149,0.04873803307223672759
2017-08-13,9,1214,1156,0.05017301038062283737
2017-08-14,7,1221,1164,0.04896907216494845361
2017-08-15,7,1228,1172,0.04778156996587030717
2017-08-16,9,1237,1177,0.05097706032285471538
2017-08-17,14,1251,1186,0.05480607082630691400
2017-08-18,7,1258,1198,0.05008347245409015025
2017-08-19,10,1268,1205,0.05228215767634854772
2017-08-20,13,1281,1214,0.05518945634266886326
2017-08-21,10,1291,1221,0.05733005733005733006
2017-08-22,7,1298,1228,0.05700325732899022801
2017-08-23,8,1306,1237,0.05578011317704122878
2017-08-24,4,1310,1251,0.04716227018385291767
2017-08-25,9,1319,1258,0.04848966613672496025
2017-08-26,8,1327,1268,0.04652996845425867508
2017-08-27,9,1336,1281,0.04293520686963309914
2017-08-28,7,1343,1291,0.04027885360185902401
2017-08-29,5,1348,1298,0.03852080123266563945
2017-08-30,11,1359,1306,0.04058192955589586524
2017-08-31,7,1366,1310,0.04274809160305343511
2017-09-01,9,1375,1319,0.04245640636846095527
2017-09-02,8,1383,1327,0.04220045214770158252
2017-09-03,6,1389,1336,0.03967065868263473054
2017-09-04,11,1400,1343,0.04244229337304542070
2017-09-05,6,1406,1348,0.04302670623145400593
2017-09-06,7,1413,1359,0.03973509933774834437
2017-09-07,9,1422,1366,0.04099560761346998536
2017-09-08,7,1429,1375,0.03927272727272727273
2017-09-09,9,1438,1383,0.03976861894432393348
2017-09-10,5,1443,1389,0.03887688984881209503
2017-09-11,6,1449,1400,0.03500000000000000000
2017-09-12,8,1457,1406,0.03627311522048364154
2017-09-13,6,1463,1413,0.03538570417551309271
2017-09-14,10,1473,1422,0.03586497890295358650
2017-09-15,11,1484,1429,0.03848845346396081176
2017-09-16,11,1495,1438,0.03963838664812239221
2017-09-17,8,1503,1443,0.04158004158004158004
2017-09-18,4,1507,1449,0.04002760524499654934
2017-09-19,5,1512,1457,0.03774879890185312286
2017-09-20,8,1520,1463,0.03896103896103896104
2017-09-21,9,1529,1473,0.03801765105227427020
2017-09-22,7,1536,1484,0.03504043126684636119
2017-09-23,7,1543,1495,0.03210702341137123746
2017-09-24,7,1550,1503,0.03127079174983366600
2017-09-25,7,1557,1507,0.03317850033178500332
2017-09-26,5,1562,1512,0.03306878306878306878
2017-09-27,6,1568,1520,0.03157894736842105263
2017-09-28,7,1575,1529,0.03008502289077828646
2017-09-29,5,1580,1536,0.02864583333333333333
2017-09-30,9,1589,1543,0.02981205443940375891
2017-10-01,5,1594,1550,0.02838709677419354839
2017-10-02,10,1604,1557,0.03018625561978163134
2017-10-03,8,1612,1562,0.03201024327784891165
2017-10-04,4,1616,1568,0.03061224489795918367
2017-10-05,2,1618,1575,0.02730158730158730159
2017-10-06,7,1625,1580,0.02848101265822784810
2017-10-07,4,1629,1589,0.02517306482064191315
2017-10-08,9,1638,1594,0.02760351317440401506
2017-10-09,8,1646,1604,0.02618453865336658354
2017-10-10,12,1658,1612,0.02853598014888337469
2017-10-11,6,1664,1616,0.02970297029702970297
2017-10-12,7,1671,1618,0.03275648949320148331
2017-10-13,4,1675,1625,0.03076923076923076923
2017-10-14,7,1682,1629,0.03253529772866789441
2017-10-15,7,1689,1638,0.03113553113553113553
2017-10-16,3,1692,1646,0.02794653705953827461
2017-10-17,10,1702,1658,0.02653799758745476478
2017-10-18,2,1704,1664,0.02403846153846153846
2017-10-19,4,1708,1671,0.02214242968282465589
2017-10-20,5,1713,1675,0.02268656716417910448
2017-10-21,4,1717,1682,0.02080856123662306778
2017-10-22,8,1725,1689,0.02131438721136767318
2017-10-23,6,1731,1692,0.02304964539007092199
2017-10-24,11,1742,1702,0.02350176263219741481
2017-10-25,7,1749,1704,0.02640845070422535211
2017-10-26,7,1756,1708,0.02810304449648711944
2017-10-27,8,1764,1713,0.02977232924693520140
2017-10-28,4,1768,1717,0.02970297029702970297
2017-10-29,6,1774,1725,0.02840579710144927536
2017-10-30,6,1780,1731,0.02830733679953783940
2017-10-31,8,1788,1742,0.02640642939150401837
2017-11-01,5,1793,1749,0.02515723270440251572
2017-11-02,4,1797,1756,0.02334851936218678815
2017-11-03,13,1810,1764,0.02607709750566893424
2017-11-04,9,1819,1768,0.02884615384615384615
2017-11-05,5,1824,1774,0.02818489289740698985
2017-11-06,9,1833,1780,0.02977528089887640449
2017-11-07,6,1839,1788,0.02852348993288590604
2017-11-08,5,1844,1793,0.02844394868934746235
2017-11-09,5,1849,1797,0.02893711741791875348
2017-11-10,6,1855,1810,0.02486187845303867403
2017-11-11,3,1858,1819,0.02144035184167124794
2017-11-12,3,1861,1824,0.02028508771929824561
2017-11-13,4,1865,1833,0.01745771958537915985
2017-11-14,6,1871,1839,0.01740076128330614464
2017-11-15,7,1878,1844,0.01843817787418655098
2017-11-16,6,1884,1849,0.01892915089237425635
2017-11-17,9,1893,1855,0.02048517520215633423
2017-11-18,9,1902,1858,0.02368137782561894510
2017-11-19,4,1906,1861,0.02418054809242342826
2017-11-20,7,1913,1865,0.02573726541554959786
2017-11-21,2,1915,1871,0.02351683591662212720
2017-11-22,5,1920,1878,0.02236421725239616613
2017-11-23,6,1926,1884,0.02229299363057324841
2017-11-24,6,1932,1893,0.02060221870047543582
2017-11-25,8,1940,1902,0.01997896950578338591
2017-11-26,6,1946,1906,0.02098635886673662120
2017-11-27,4,1950,1913,0.01934134866701515944
2017-11-28,7,1957,1915,0.02193211488250652742
2017-11-29,1,1958,1920,0.01979166666666666667
2017-11-30,14,1972,1926,0.02388369678089304258
2017-12-01,3,1975,1932,0.02225672877846790890
2017-12-02,2,1977,1940,0.01907216494845360825
2017-12-03,7,1984,1946,0.01952723535457348407
2017-12-04,4,1988,1950,0.01948717948717948718
2017-12-05,7,1995,1957,0.01941747572815533981
2017-12-06,8,2003,1958,0.02298263534218590398
2017-12-07,4,2007,1972,0.01774847870182555781
2017-12-08,2,2009,1975,0.01721518987341772152
2017-12-09,3,2012,1977,0.01770359129994941831
2017-12-10,7,2019,1984,0.01764112903225806452
2017-12-11,7,2026,1988,0.01911468812877263581
2017-12-12,6,2032,1995,0.01854636591478696742
2017-12-13,5,2037,2003,0.01697453819271093360
2017-12-14,2,2039,2007,0.01594419531639262581
2017-12-15,3,2042,2009,0.01642608262817322051
2017-12-16,8,2050,2012,0.01888667992047713718
2017-12-17,7,2057,2019,0.01882119861317483903
2017-12-18,10,2067,2026,0.02023692003948667325
2017-12-19,4,2071,2032,0.01919291338582677165
2017-12-20,2,2073,2037,0.01767304860088365243
2017-12-21,5,2078,2039,0.01912702305051495831
2017-12-22,5,2083,2042,0.02007835455435847209
2017-12-23,5,2088,2050,0.01853658536585365854
2017-12-24,5,2093,2057,0.01750121536217792902
2017-12-25,7,2100,2067,0.01596516690856313498
2017-12-26,4,2104,2071,0.01593433124094640270
2017-12-27,4,2108,2073,0.01688374336710082007
2017-12-28,5,2113,2078,0.01684311838306063523
2017-12-29,3,2116,2083,0.01584253480556889102
2017-12-30,4,2120,2088,0.01532567049808429119
2017-12-31,2,2122,2093,0.01385570950788342093
2018-01-01,2,2124,2100,0.01142857142857142857
2018-01-02,7,2131,2104,0.01283269961977186312
2018-01-03,3,2134,2108,0.01233396584440227704
2018-01-04,6,2140,2113,0.01277804070042593469
2018-01-05,4,2144,2116,0.01323251417769376181
2018-01-06,3,2147,2120,0.01273584905660377358
2018-01-07,5,2152,2122,0.01413760603204524034
2018-01-08,6,2158,2124,0.01600753295668549906
2018-01-09,3,2161,2131,0.01407789770061004223
2018-01-10,5,2166,2134,0.01499531396438612933
2018-01-11,3,2169,2140,0.01355140186915887850
2018-01-12,4,2173,2144,0.01352611940298507463
2018-01-13,4,2177,2147,0.01397298556124825338
2018-01-14,1,2178,2152,0.01208178438661710037
2018-01-15,5,2183,2158,0.01158480074142724745
2018-01-16,3,2186,2161,0.01156871818602498843
2018-01-17,2,2188,2166,0.01015697137580794090
2018-01-18,7,2195,2169,0.01198709082526509912
2018-01-19,7,2202,2173,0.01334560515416474919
2018-01-20,6,2208,2177,0.01423977951309141020
2018-01-21,7,2215,2178,0.01698806244260789715
2018-01-22,4,2219,2183,0.01649106733852496564
2018-01-23,5,2224,2186,0.01738334858188472095
2018-01-24,2,2226,2188,0.01736745886654478976
2018-01-25,3,2229,2195,0.01548974943052391800
2018-01-26,4,2233,2202,0.01407811080835603996
2018-01-27,6,2239,2208,0.01403985507246376812
2018-01-28,1,2240,2215,0.01128668171557562077
2018-01-29,5,2245,2219,0.01171698963497070753
2018-01-30,5,2250,2224,0.01169064748201438849
2018-01-31,3,2253,2226,0.01212938005390835580
2018-02-01,4,2257,2229,0.01256168685509196949
2018-02-02,3,2260,2233,0.01209135691894312584
2018-02-03,4,2264,2239,0.01116569897275569451
2018-02-04,8,2272,2240,0.01428571428571428571
2018-02-05,10,2282,2245,0.01648106904231625835
2018-02-06,8,2290,2250,0.01777777777777777778
2018-02-07,7,2297,2253,0.01952951620062139370
2018-02-08,8,2305,2257,0.02126716880815241471
2018-02-09,3,2308,2260,0.02123893805309734513
2018-02-10,5,2313,2264,0.02164310954063604240
2018-02-11,4,2317,2272,0.01980633802816901408
2018-02-12,4,2321,2282,0.01709027169149868536
2018-02-13,5,2326,2290,0.01572052401746724891
2018-02-14,5,2331,2297,0.01480191554201131911
2018-02-15,7,2338,2305,0.01431670281995661605
2018-02-16,1,2339,2308,0.01343154246100519931
2018-02-17,5,2344,2313,0.01340250756593169045
2018-02-18,6,2350,2317,0.01424255502805351748
2018-02-19,3,2353,2321,0.01378716070659198621
2018-02-20,3,2356,2326,0.01289767841788478074
2018-02-21,3,2359,2331,0.01201201201201201201
2018-02-22,7,2366,2338,0.01197604790419161677
2018-02-23,9,2375,2339,0.01539119281744335186
2018-02-24,3,2378,2344,0.01450511945392491468
2018-02-25,1,2379,2350,0.01234042553191489362
2018-02-26,6,2385,2353,0.01359966000849978751
2018-02-27,3,2388,2356,0.01358234295415959253
2018-02-28,4,2392,2359,0.01398897838066977533
2018-03-01,2,2394,2366,0.01183431952662721893
2018-03-02,4,2398,2375,0.00968421052631578947
2018-03-03,3,2401,2378,0.00967199327165685450
2018-03-04,4,2405,2379,0.01092896174863387978
2018-03-05,4,2409,2385,0.01006289308176100629
2018-03-06,7,2416,2388,0.01172529313232830821
2018-03-07,2,2418,2392,0.01086956521739130435
2018-03-08,4,2422,2394,0.01169590643274853801
2018-03-09,4,2426,2398,0.01167639699749791493
2018-03-10,5,2431,2401,0.01249479383590170762
2018-03-11,12,2443,2405,0.01580041580041580042
2018-03-12,3,2446,2409,0.01535907015359070154
2018-03-13,3,2449,2416,0.01365894039735099338
2018-03-14,6,2455,2418,0.01530190239867659222
2018-03-15,13,2468,2422,0.01899256812551610239
2018-03-16,7,2475,2426,0.02019785655399835120
2018-03-17,4,2479,2431,0.01974496092143150967
2018-03-18,5,2484,2443,0.01678264428980761359
2018-03-19,4,2488,2446,0.01717089125102207686
2018-03-20,4,2492,2449,0.01755818701510820743
2018-03-21,7,2499,2455,0.01792260692464358452
2018-03-22,6,2505,2468,0.01499189627228525122
2018-03-23,4,2509,2475,0.01373737373737373737
2018-03-24,9,2518,2479,0.01573215006050826946
2018-03-25,4,2522,2484,0.01529790660225442834
2018-03-26,10,2532,2488,0.01768488745980707395
2018-03-27,5,2537,2492,0.01805778491171749599
2018-03-28,5,2542,2499,0.01720688275310124050
2018-03-29,2,2544,2505,0.01556886227544910180
2018-03-30,4,2548,2509,0.01554404145077720207
2018-03-31,6,2554,2518,0.01429706115965051628
2018-04-01,8,2562,2522,0.01586042823156225218
2018-04-02,8,2570,2532,0.01500789889415481833
2018-04-03,10,2580,2537,0.01694915254237288136
2018-04-04,9,2589,2542,0.01848937844217151849
2018-04-05,5,2594,2544,0.01965408805031446541
2018-04-06,4,2598,2548,0.01962323390894819466
2018-04-07,6,2604,2554,0.01957713390759592796
2018-04-08,6,2610,2562,0.01873536299765807963
2018-04-09,7,2617,2570,0.01828793774319066148
2018-04-10,3,2620,2580,0.01550387596899224806
2018-04-11,6,2626,2589,0.01429123213595983005
2018-04-12,7,2633,2594,0.01503469545104086353
2018-04-13,8,2641,2598,0.01655119322555812163
2018-04-14,5,2646,2604,0.01612903225806451613
2018-04-15,12,2658,2610,0.01839080459770114943
2018-04-16,9,2667,2617,0.01910584638899503248
2018-04-17,5,2672,2620,0.01984732824427480916
2018-04-18,4,2676,2626,0.01904036557501904037
2018-04-19,5,2681,2633,0.01823015571591340676
2018-04-20,8,2689,2641,0.01817493373722074972
2018-04-21,6,2695,2646,0.01851851851851851852
2018-04-22,8,2703,2658,0.01693002257336343115
2018-04-23,14,2717,2667,0.01874765654293213348
2018-04-24,4,2721,2672,0.01833832335329341317
2018-04-25,6,2727,2676,0.01905829596412556054
2018-04-26,3,2730,2681,0.01827676240208877285
2018-04-27,3,2733,2689,0.01636296020825585720
2018-04-28,5,2738,2695,0.01595547309833024119
2018-04-29,5,2743,2703,0.01479837217906030337
2018-04-30,7,2750,2717,0.01214574898785425101
2018-05-01,9,2759,2721,0.01396545387725101066
2018-05-02,8,2767,2727,0.01466813348001466813
2018-05-03,9,2776,2730,0.01684981684981684982
2018-05-04,7,2783,2733,0.01829491401390413465
2018-05-05,11,2794,2738,0.02045288531775018262
2018-05-06,8,2802,2743,0.02150929639081297849
2018-05-07,6,2808,2750,0.02109090909090909091
2018-05-08,11,2819,2759,0.02174700978615440377
2018-05-09,7,2826,2767,0.02132273220093964583
2018-05-10,12,2838,2776,0.02233429394812680115
2018-05-11,9,2847,2783,0.02299676607977003234
2018-05-12,8,2855,2794,0.02183249821045096636
2018-05-13,12,2867,2802,0.02319771591720199857
2018-05-14,10,2877,2808,0.02457264957264957265
2018-05-15,9,2886,2819,0.02376729336644200071
2018-05-16,8,2894,2826,0.02406227883934890304
2018-05-17,12,2906,2838,0.02396053558844256519
2018-05-18,10,2916,2847,0.02423603793466807165
2018-05-19,7,2923,2855,0.02381786339754816112
2018-05-20,7,2930,2867,0.02197418904778514126
2018-05-21,8,2938,2877,0.02120264164059784498
2018-05-22,8,2946,2886,0.02079002079002079002
2018-05-23,11,2957,2894,0.02176917760884588804
2018-05-24,12,2969,2906,0.02167928423950447350
2018-05-25,7,2976,2916,0.02057613168724279835
2018-05-26,11,2987,2923,0.02189531303455354088
2018-05-27,5,2992,2930,0.02116040955631399317
2018-05-28,8,3000,2938,0.02110279101429543907
2018-05-29,4,3004,2946,0.01968771215207060421
2018-05-30,8,3012,2957,0.01859993236388231316
2018-05-31,6,3018,2969,0.01650387335803300775
2018-06-01,5,3023,2976,0.01579301075268817204
2018-06-02,15,3038,2987,0.01707398727820555742
2018-06-03,7,3045,2992,0.01771390374331550802
2018-06-04,5,3050,3000,0.01666666666666666667
2018-06-05,14,3064,3004,0.01997336884154460719
2018-06-06,9,3073,3012,0.02025232403718459495
2018-06-07,5,3078,3018,0.01988071570576540755
2018-06-08,11,3089,3023,0.02183261660602050943
2018-06-09,9,3098,3038,0.01974983541803818302
2018-06-10,12,3110,3045,0.02134646962233169130
2018-06-11,9,3119,3050,0.02262295081967213115
2018-06-12,8,3127,3064,0.02056135770234986945
2018-06-13,5,3132,3073,0.01919947933615359583
2018-06-14,7,3139,3078,0.01981806367771280052
2018-06-15,10,3149,3089,0.01942376173518938168
2018-06-16,8,3157,3098,0.01904454486765655261
2018-06-17,9,3166,3110,0.01800643086816720257
2018-06-18,6,3172,3119,0.01699262584161590253
2018-06-19,11,3183,3127,0.01790853853533738407
2018-06-20,12,3195,3132,0.02011494252873563218
2018-06-21,8,3203,3139,0.02038865880853775088
2018-06-22,2,3205,3149,0.01778342330898697999
2018-06-23,1,3206,3157,0.01552106430155210643
2018-06-24,8,3214,3166,0.01516108654453569172
2018-06-25,7,3221,3172,0.01544766708701134931
2018-06-26,4,3225,3183,0.01319509896324222432
2018-06-27,18,3243,3195,0.01502347417840375587
2018-06-28,10,3253,3203,0.01561036528254761161
2018-06-29,8,3261,3205,0.01747269890795631825
2018-06-30,15,3276,3206,0.02183406113537117904
2018-07-01,7,3283,3214,0.02146857498444306161
2018-07-02,11,3294,3221,0.02266376901583359205
2018-07-03,10,3304,3225,0.02449612403100775194
2018-07-04,11,3315,3243,0.02220166512488436633
2018-07-05,9,3324,3253,0.02182600676298801107
2018-07-06,13,3337,3261,0.02330573443728917510
2018-07-07,8,3345,3276,0.02106227106227106227
2018-07-08,10,3355,3283,0.02193116052391105696
2018-07-09,16,3371,3294,0.02337583485124468731
2018-07-10,5,3376,3304,0.02179176755447941889
2018-07-11,8,3384,3315,0.02081447963800904977
2018-07-12,11,3395,3324,0.02135980746089049338
2018-07-13,8,3403,3337,0.01977824393167515733
2018-07-14,6,3409,3345,0.01913303437967115097
2018-07-15,10,3419,3355,0.01907600596125186289
2018-07-16,7,3426,3371,0.01631563334322159597
2018-07-17,10,3436,3376,0.01777251184834123223
2018-07-18,8,3444,3384,0.01773049645390070922
2018-07-19,8,3452,3395,0.01678939617083946981
2018-07-20,9,3461,3403,0.01704378489568028210
2018-07-21,8,3469,3409,0.01760046934584922265
2018-07-22,8,3477,3419,0.01696402456858730623
2018-07-23,13,3490,3426,0.01868067717454757735
2018-07-24,17,3507,3436,0.02066356228172293364
2018-07-25,7,3514,3444,0.02032520325203252033
2018-07-26,10,3524,3452,0.02085747392815758980
2018-07-27,11,3535,3461,0.02138110372724646056
2018-07-28,17,3552,3469,0.02392620351686364947
2018-07-29,6,3558,3477,0.02329594477998274374
2018-07-30,11,3569,3490,0.02263610315186246418
2018-07-31,11,3580,3507,0.02081551183347590533
2018-08-01,6,3586,3514,0.02048947068867387592
2018-08-02,10,3596,3524,0.02043132803632236095
2018-08-03,13,3609,3535,0.02093352192362093352
2018-08-04,8,3617,3552,0.01829954954954954955
2018-08-05,11,3628,3558,0.01967397414277684092
2018-08-06,6,3634,3569,0.01821238442140655646
2018-08-07,7,3641,3580,0.01703910614525139665
2018-08-08,10,3651,3586,0.01812604573340769660
2018-08-09,5,3656,3596,0.01668520578420467186
2018-08-10,12,3668,3609,0.01634801884178442782
2018-08-11,8,3676,3617,0.01631186065800387061
2018-08-12,7,3683,3628,0.01515986769570011025
2018-08-13,11,3694,3634,0.01651073197578425977
2018-08-14,10,3704,3641,0.01730293875308981049
2018-08-15,5,3709,3651,0.01588605861407833470
2018-08-16,9,3718,3656,0.01695842450765864333
2018-08-17,9,3727,3668,0.01608505997818974918
2018-08-18,8,3735,3676,0.01605005440696409140
2018-08-19,5,3740,3683,0.01547651371164811295
2018-08-20,7,3747,3694,0.01434759068760151597
2018-08-21,9,3756,3704,0.01403887688984881210
2018-08-22,10,3766,3709,0.01536802372607171744
2018-08-23,10,3776,3718,0.01559978483055406132
2018-08-24,8,3784,3727,0.01529380198551113496
2018-08-25,11,3795,3735,0.01606425702811244980
2018-08-26,13,3808,3740,0.01818181818181818182
2018-08-27,10,3818,3747,0.01894849212703496130
2018-08-28,12,3830,3756,0.01970181043663471778
2018-08-29,8,3838,3766,0.01911842804036112586
2018-08-30,10,3848,3776,0.01906779661016949153
2018-08-31,9,3857,3784,0.01929175475687103594
2018-09-01,9,3866,3795,0.01870882740447957839
2018-09-02,8,3874,3808,0.01733193277310924370
2018-09-03,8,3882,3818,0.01676270298585646936
2018-09-04,11,3893,3830,0.01644908616187989556
2018-09-05,5,3898,3838,0.01563314226159458051
2018-09-06,8,3906,3848,0.01507276507276507277
2018-09-07,4,3910,3857,0.01374124967591392274
2018-09-08,13,3923,3866,0.01474392136575271599
2018-09-09,7,3930,3874,0.01445534331440371709
2018-09-10,10,3940,3882,0.01494075218959299330
2018-09-11,9,3949,3893,0.01438479321859748266
2018-09-12,9,3958,3898,0.01539250897896357106
2018-09-13,5,3963,3906,0.01459293394777265745
2018-09-14,7,3970,3910,0.01534526854219948849
2018-09-15,8,3978,3923,0.01401988274279887841
2018-09-16,5,3983,3930,0.01348600508905852417
2018-09-17,12,3995,3940,0.01395939086294416244
2018-09-18,2,3997,3949,0.01215497594327677893
2018-09-19,1,3998,3958,0.01010611419909044972
2018-09-20,6,4004,3963,0.01034569770375977795
2018-09-21,5,4009,3970,0.00982367758186397985
2018-09-22,8,4017,3978,0.00980392156862745098
2018-09-23,9,4026,3983,0.01079588250062766759
2018-09-24,9,4035,3995,0.01001251564455569462
2018-09-25,14,4049,3997,0.01300975731798849137
2018-09-26,4,4053,3998,0.01375687843921960980
2018-09-27,6,4059,4004,0.01373626373626373626
2018-09-28,5,4064,4009,0.01371913195310551260
2018-09-29,7,4071,4017,0.01344286781179985063
2018-09-30,8,4079,4026,0.01316443119721808246
2018-10-01,7,4086,4035,0.01263940520446096654
2018-10-02,10,4096,4049,0.01160780439614719684
2018-10-03,7,4103,4053,0.01233654083395016038
2018-10-04,4,4107,4059,0.01182557280118255728
2018-10-05,7,4114,4064,0.01230314960629921260
2018-10-06,10,4124,4071,0.01301891427167772046
2018-10-07,6,4130,4079,0.01250306447658739887
2018-10-08,6,4136,4086,0.01223690651003426334
2018-10-09,11,4147,4096,0.01245117187500000000
2018-10-10,11,4158,4103,0.01340482573726541555
2018-10-11,8,4166,4107,0.01436571706841977112
2018-10-12,4,4170,4114,0.01361205639280505591
2018-10-13,6,4176,4124,0.01260911736178467507
2018-10-14,6,4182,4130,0.01259079903147699758
2018-10-15,5,4187,4136,0.01233075435203094778
2018-10-16,9,4196,4147,0.01181577043646009163
2018-10-17,7,4203,4158,0.01082251082251082251
2018-10-18,3,4206,4166,0.00960153624579932789
2018-10-19,9,4215,4170,0.01079136690647482014
2018-10-20,7,4222,4176,0.01101532567049808429
2018-10-21,3,4225,4182,0.01028216164514586322
2018-10-22,7,4232,4187,0.01074755194650107476
2018-10-23,6,4238,4196,0.01000953288846520496
2018-10-24,8,4246,4203,0.01023078753271472758
2018-10-25,8,4254,4206,0.01141226818830242511
2018-10-26,7,4261,4215,0.01091340450771055753
2018-10-27,6,4267,4222,0.01065845570819516817
2018-10-28,7,4274,4225,0.01159763313609467456
2018-10-29,6,4280,4232,0.01134215500945179584
2018-10-30,6,4286,4238,0.01132609721566776782
2018-10-31,3,4289,4246,0.01012717852096090438
2018-11-01,7,4296,4254,0.00987306064880112835
2018-11-02,4,4300,4261,0.00915278103731518423
2018-11-03,12,4312,4267,0.01054605108975861261
2018-11-04,7,4319,4274,0.01052877866167524567
2018-11-05,13,4332,4280,0.01214953271028037383
2018-11-06,10,4342,4286,0.01306579561362575828
2018-11-07,8,4350,4289,0.01422242947073910002
2018-11-08,9,4359,4296,0.01466480446927374302
2018-11-09,7,4366,4300,0.01534883720930232558
2018-11-10,3,4369,4312,0.01321892393320964750
2018-11-11,5,4374,4319,0.01273442926603380412
2018-11-12,11,4385,4332,0.01223453370267774700
2018-11-13,3,4388,4342,0.01059419622293873791
2018-11-14,7,4395,4350,0.01034482758620689655
2018-11-15,4,4399,4359,0.00917641660931406286
2018-11-16,5,4404,4366,0.00870361887311039853
2018-11-17,7,4411,4369,0.00961318379491874571
2018-11-18,13,4424,4374,0.01143118427069044353
2018-11-19,6,4430,4385,0.01026225769669327252
2018-11-20,13,4443,4388,0.01253418413855970830
2018-11-21,8,4451,4395,0.01274175199089874858
2018-11-22,9,4460,4399,0.01386678790634235053
2018-11-23,3,4463,4404,0.01339691189827429609
2018-11-24,8,4471,4411,0.01360235774200861483
2018-11-25,5,4476,4424,0.01175406871609403255
2018-11-26,13,4489,4430,0.01331828442437923251
2018-11-27,3,4492,4443,0.01102858428989421562
2018-11-28,5,4497,4451,0.01033475623455403280
2018-11-29,7,4504,4460,0.00986547085201793722
2018-11-30,9,4513,4463,0.01120322652924042124
2018-12-01,5,4518,4471,0.01051218966674122120
2018-12-02,5,4523,4476,0.01050044682752457551
2018-12-03,2,4525,4489,0.00801960347516150590
2018-12-04,6,4531,4492,0.00868210151380231523
2018-12-05,2,4533,4497,0.00800533689126084056
2018-12-06,3,4536,4504,0.00710479573712255773
2018-12-07,3,4539,4513,0.00576113450033237314
2018-12-08,7,4546,4518,0.00619743249225320938
2018-12-09,4,4550,4523,0.00596948927702852089
2018-12-10,3,4553,4525,0.00618784530386740331
2018-12-11,4,4557,4531,0.00573824762745530788
2018-12-12,10,4567,4533,0.00750055151114052504
2018-12-13,4,4571,4536,0.00771604938271604938
2018-12-14,9,4580,4539,0.00903282661379158405
2018-12-15,3,4583,4546,0.00813902331720193577
2018-12-16,5,4588,4550,0.00835164835164835165
2018-12-17,5,4593,4553,0.00878541620909290578
2018-12-18,6,4599,4557,0.00921658986175115207
2018-12-19,5,4604,4567,0.00810159842347273922
2018-12-20,7,4611,4571,0.00875082038941150733
2018-12-21,7,4618,4580,0.00829694323144104803
2018-12-22,6,4624,4583,0.00894610517128518438
2018-12-23,9,4633,4588,0.00980819529206625981
2018-12-24,7,4640,4593,0.01023296320487698672
2018-12-25,5,4645,4599,0.01000217438573602957
2018-12-26,6,4651,4604,0.01020851433536055604
2018-12-27,6,4657,4611,0.00997614400346996313
2018-12-28,6,4663,4618,0.00974447812906019922
2018-12-29,9,4672,4624,0.01038062283737024221
2018-12-30,7,4679,4633,0.00992877185409022232
2018-12-31,9,4688,4640,0.01034482758620689655
2019-01-01,12,4700,4645,0.01184068891280947255
2019-01-02,9,4709,4651,0.01247043646527628467
2019-01-03,11,4720,4657,0.01352802233197337342
2019-01-04,7,4727,4663,0.01372506969761955822
2019-01-05,7,4734,4672,0.01327054794520547945
2019-01-06,7,4741,4679,0.01325069459286172259
2019-01-07,10,4751,4688,0.01343856655290102389
2019-01-08,9,4760,4700,0.01276595744680851064
2019-01-09,6,4766,4709,0.01210448078148226800
2019-01-10,12,4778,4720,0.01228813559322033898
2019-01-11,5,4783,4727,0.01184683731753755024
2019-01-12,11,4794,4734,0.01267427122940430925
2019-01-13,3,4797,4741,0.01181185403923222949
2019-01-14,9,4806,4751,0.01157651020837718375
2019-01-15,8,4814,4760,0.01134453781512605042
2019-01-16,12,4826,4766,0.01258917331095258078
2019-01-17,9,4835,4778,0.01192967768940979489
2019-01-18,6,4841,4783,0.01212628057704369642
2019-01-19,9,4850,4794,0.01168126825198164372
2019-01-20,10,4860,4797,0.01313320825515947467
2019-01-21,9,4869,4806,0.01310861423220973783
2019-01-22,14,4883,4814,0.01433319484835895305
2019-01-23,8,4891,4826,0.01346871114794861169
2019-01-24,6,4897,4835,0.01282316442605997932
2019-01-25,8,4905,4841,0.01322040900640363561
2019-01-26,7,4912,4850,0.01278350515463917526
2019-01-27,8,4920,4860,0.01234567901234567901
2019-01-28,8,4928,4869,0.01211747792154446498
2019-01-29,12,4940,4883,0.01167315175097276265
2019-01-30,11,4951,4891,0.01226742997342056839
2019-01-31,9,4960,4897,0.01286501939963242802
2019-02-01,7,4967,4905,0.01264016309887869521
2019-02-02,8,4975,4912,0.01282573289902280130
2019-02-03,5,4980,4920,0.01219512195121951220
2019-02-04,9,4989,4928,0.01237824675324675325
2019-02-05,5,4994,4940,0.01093117408906882591
2019-02-06,5,4999,4951,0.00969501110886689558
2019-02-07,3,5002,4960,0.00846774193548387097
2019-02-08,10,5012,4967,0.00905979464465472116
2019-02-09,6,5018,4975,0.00864321608040201005
2019-02-10,4,5022,4980,0.00843373493975903614
2019-02-11,2,5024,4989,0.00701543395470034075
2019-02-12,3,5027,4994,0.00660792951541850220
2019-02-13,8,5035,4999,0.00720144028805761152
2019-02-14,8,5043,5002,0.00819672131147540984
2019-02-15,12,5055,5012,0.00857940941739824421
2019-02-16,5,5060,5018,0.00836986847349541650
2019-02-17,4,5064,5022,0.00836320191158900836
2019-02-18,6,5070,5024,0.00915605095541401274
2019-02-19,3,5073,5027,0.00915058683111199523
2019-02-20,5,5078,5035,0.00854021847070506455
2019-02-21,4,5082,5043,0.00773349196906603212
2019-02-22,5,5087,5055,0.00633036597428288823
2019-02-23,6,5093,5060,0.00652173913043478261
2019-02-24,6,5099,5064,0.00691153238546603476
2019-02-25,5,5104,5070,0.00670611439842209073
2019-02-26,2,5106,5073,0.00650502661147250148
2019-02-27,2,5108,5078,0.00590783773139031115
2019-02-28,8,5116,5082,0.00669027941755214482
2019-03-01,11,5127,5087,0.00786318065657558482
2019-03-02,10,5137,5093,0.00863930885529157667
2019-03-03,8,5145,5099,0.00902137674053736027
2019-03-04,8,5153,5104,0.00960031347962382445
2019-03-05,6,5159,5106,0.01037994516255385821
2019-03-06,6,5165,5108,0.01115896632732967894
2019-03-07,6,5171,5116,0.01075058639562157936
2019-03-08,2,5173,5127,0.00897210844548468890
2019-03-09,3,5176,5137,0.00759197975472065408
2019-03-10,5,5181,5145,0.00699708454810495627
2019-03-11,11,5192,5153,0.00756840675334756453
2019-03-12,4,5196,5159,0.00717193254506687343
2019-03-13,7,5203,5165,0.00735721200387221684
2019-03-14,4,5207,5171,0.00696190292013150261
2019-03-15,8,5215,5173,0.00811907983761840325
2019-03-16,4,5219,5176,0.00830757341576506955
2019-03-17,8,5227,5181,0.00887859486585601235
2019-03-18,9,5236,5192,0.00847457627118644068
2019-03-19,6,5242,5196,0.00885296381832178599
2019-03-20,8,5250,5203,0.00903325004804920238
2019-03-21,5,5255,5207,0.00921835990013443442
2019-03-22,9,5264,5215,0.00939597315436241611
2019-03-23,5,5269,5219,0.00958037938302356773
2019-03-24,4,5273,5227,0.00880045915439066386
2019-03-25,6,5279,5236,0.00821237585943468296
2019-03-26,8,5287,5242,0.00858450972911102633
2019-03-27,7,5294,5250,0.00838095238095238095
2019-03-28,2,5296,5255,0.00780209324452901998
2019-03-29,9,5305,5264,0.00778875379939209726
2019-03-30,4,5309,5269,0.00759157335357752894
2019-03-31,8,5317,5273,0.00834439597951830078
2019-04-01,5,5322,5279,0.00814548209888236408
2019-04-02,11,5333,5287,0.00870058634386230376
2019-04-03,10,5343,5294,0.00925576123913864753
2019-04-04,7,5350,5296,0.01019637462235649547
2019-04-05,7,5357,5305,0.00980207351555136664
2019-04-06,7,5364,5309,0.01035976643435675268
2019-04-07,4,5368,5317,0.00959187511754748919
2019-04-08,9,5377,5322,0.01033446072904922961
2019-04-09,2,5379,5333,0.00862553909619351209
2019-04-10,12,5391,5343,0.00898371701291409321
2019-04-11,7,5398,5350,0.00897196261682242991
2019-04-12,9,5407,5357,0.00933358222885943625
2019-04-13,8,5415,5364,0.00950782997762863535
2019-04-14,4,5419,5368,0.00950074515648286140
2019-04-15,8,5427,5377,0.00929886553840431467
2019-04-16,12,5439,5379,0.01115448968209704406
2019-04-17,5,5444,5391,0.00983120014839547394
2019-04-18,6,5450,5398,0.00963319748054835124
2019-04-19,7,5457,5407,0.00924727205474385056
2019-04-20,9,5466,5415,0.00941828254847645429
2019-04-21,9,5475,5419,0.01033400996493818048
2019-04-22,5,5480,5427,0.00976598489036299982
2019-04-23,6,5486,5439,0.00864129435558006987
2019-04-24,6,5492,5444,0.00881704628949301984
2019-04-25,11,5503,5450,0.00972477064220183486
2019-04-26,4,5507,5457,0.00916254352208172989
2019-04-27,10,5517,5466,0.00933040614709110867
2019-04-28,8,5525,5475,0.00913242009132420091
2019-04-29,13,5538,5480,0.01058394160583941606
2019-04-30,5,5543,5486,0.01039008384979948961
2019-05-01,9,5552,5492,0.01092498179169701384
2019-05-02,9,5561,5503,0.01053970561511902599
2019-05-03,4,5565,5507,0.01053205011803159615
2019-05-04,8,5573,5517,0.01015044408192858438
2019-05-05,7,5580,5525,0.00995475113122171946
2019-05-06,9,5589,5538,0.00920910075839653304
2019-05-07,5,5594,5543,0.00920079379397438210
2019-05-08,5,5599,5552,0.00846541786743515850
2019-05-09,12,5611,5561,0.00899118863513756519
2019-05-10,5,5616,5565,0.00916442048517520216
2019-05-11,12,5628,5573,0.00986901130450385789
2019-05-12,11,5639,5580,0.01057347670250896057
2019-05-13,11,5650,5589,0.01091429593845052782
2019-05-14,15,5665,5594,0.01269217018233821952
2019-05-15,13,5678,5599,0.01410966243972137882
2019-05-16,3,5681,5611,0.01247549456424879701
2019-05-17,11,5692,5616,0.01353276353276353276
2019-05-18,7,5699,5628,0.01261549395877754087
2019-05-19,7,5706,5639,0.01188153928001418691
2019-05-20,9,5715,5650,0.01150442477876106195
2019-05-21,9,5724,5665,0.01041482789055604590
2019-05-22,9,5733,5678,0.00968650933427263121
2019-05-23,6,5739,5681,0.01020947016370357331
2019-05-24,9,5748,5692,0.00983836964160224877
2019-05-25,6,5754,5699,0.00965081593261975785
2019-05-26,6,5760,5706,0.00946372239747634069
2019-05-27,4,5764,5715,0.00857392825896762905
2019-05-28,13,5777,5724,0.00925925925925925926
2019-05-29,9,5786,5733,0.00924472353043781615
2019-05-30,12,5798,5739,0.01028053667886391357
2019-05-31,5,5803,5748,0.00956854558107167711
